<annotation>
	<folder>Images</folder>
	<filename>0.jpg</filename>
	<path>/Users/kirillyakovlev/Insulator/Isulator_Set_final/Images/0.jpg</path>
	<source>
		<database>Unknown</database>
	</source>
	<size>
		<width>7296</width>
		<height>5472</height>
		<depth>3</depth>
	</size>
	<segmented>0</segmented>
	<object>
		<name>norm_insulator</name>
		<pose>Unspecified</pose>
		<truncated>0</truncated>
		<difficult>0</difficult>
		<bndbox>
			<xmin>2109</xmin>
			<ymin>1981</ymin>
			<xmax>2166</xmax>
			<ymax>2154</ymax>
		</bndbox>
	</object>
	<object>
		<name>norm_insulator</name>
		<pose>Unspecified</pose>
		<truncated>0</truncated>
		<difficult>0</difficult>
		<bndbox>
			<xmin>2518</xmin>
			<ymin>1565</ymin>
			<xmax>2566</xmax>
			<ymax>1733</ymax>
		</bndbox>
	</object>
	<object>
		<name>norm_insulator</name>
		<pose>Unspecified</pose>
		<truncated>0</truncated>
		<difficult>0</difficult>
		<bndbox>
			<xmin>2686</xmin>
			<ymin>1763</ymin>
			<xmax>2723</xmax>
			<ymax>1910</ymax>
		</bndbox>
	</object>
	<object>
		<name>norm_insulator</name>
		<pose>Unspecified</pose>
		<truncated>0</truncated>
		<difficult>0</difficult>
		<bndbox>
			<xmin>2077</xmin>
			<ymin>2485</ymin>
			<xmax>2125</xmax>
			<ymax>2631</ymax>
		</bndbox>
	</object>
	<object>
		<name>norm_insulator</name>
		<pose>Unspecified</pose>
		<truncated>0</truncated>
		<difficult>0</difficult>
		<bndbox>
			<xmin>2618</xmin>
			<ymin>2199</ymin>
			<xmax>2659</xmax>
			<ymax>2324</ymax>
		</bndbox>
	</object>
	<object>
		<name>norm_insulator</name>
		<pose>Unspecified</pose>
		<truncated>0</truncated>
		<difficult>0</difficult>
		<bndbox>
			<xmin>2320</xmin>
			<ymin>2613</ymin>
			<xmax>2382</xmax>
			<ymax>2747</ymax>
		</bndbox>
	</object>
</annotation>
