<annotation>
	<folder>Images</folder>
	<filename>1.jpg</filename>
	<path>/Users/kirillyakovlev/Insulator/Isulator_Set_final/Images/1.jpg</path>
	<source>
		<database>Unknown</database>
	</source>
	<size>
		<width>7296</width>
		<height>5472</height>
		<depth>3</depth>
	</size>
	<segmented>0</segmented>
	<object>
		<name>norm_insulator</name>
		<pose>Unspecified</pose>
		<truncated>0</truncated>
		<difficult>0</difficult>
		<bndbox>
			<xmin>4954</xmin>
			<ymin>2375</ymin>
			<xmax>5292</xmax>
			<ymax>2425</ymax>
		</bndbox>
	</object>
	<object>
		<name>norm_insulator</name>
		<pose>Unspecified</pose>
		<truncated>0</truncated>
		<difficult>0</difficult>
		<bndbox>
			<xmin>5946</xmin>
			<ymin>1883</ymin>
			<xmax>6283</xmax>
			<ymax>2158</ymax>
		</bndbox>
	</object>
	<object>
		<name>norm_insulator</name>
		<pose>Unspecified</pose>
		<truncated>0</truncated>
		<difficult>0</difficult>
		<bndbox>
			<xmin>5350</xmin>
			<ymin>629</ymin>
			<xmax>5621</xmax>
			<ymax>883</ymax>
		</bndbox>
	</object>
	<object>
		<name>norm_insulator</name>
		<pose>Unspecified</pose>
		<truncated>0</truncated>
		<difficult>0</difficult>
		<bndbox>
			<xmin>5550</xmin>
			<ymin>792</ymin>
			<xmax>5779</xmax>
			<ymax>1004</ymax>
		</bndbox>
	</object>
	<object>
		<name>norm_insulator</name>
		<pose>Unspecified</pose>
		<truncated>0</truncated>
		<difficult>0</difficult>
		<bndbox>
			<xmin>5313</xmin>
			<ymin>2821</ymin>
			<xmax>5638</xmax>
			<ymax>2933</ymax>
		</bndbox>
	</object>
	<object>
		<name>norm_insulator</name>
		<pose>Unspecified</pose>
		<truncated>0</truncated>
		<difficult>0</difficult>
		<bndbox>
			<xmin>5454</xmin>
			<ymin>2729</ymin>
			<xmax>5800</xmax>
			<ymax>2813</ymax>
		</bndbox>
	</object>
	<object>
		<name>norm_insulator</name>
		<pose>Unspecified</pose>
		<truncated>0</truncated>
		<difficult>0</difficult>
		<bndbox>
			<xmin>6267</xmin>
			<ymin>2471</ymin>
			<xmax>6521</xmax>
			<ymax>2683</ymax>
		</bndbox>
	</object>
	<object>
		<name>norm_insulator</name>
		<pose>Unspecified</pose>
		<truncated>0</truncated>
		<difficult>0</difficult>
		<bndbox>
			<xmin>6192</xmin>
			<ymin>2592</ymin>
			<xmax>6450</xmax>
			<ymax>2792</ymax>
		</bndbox>
	</object>
	<object>
		<name>norm_insulator</name>
		<pose>Unspecified</pose>
		<truncated>0</truncated>
		<difficult>0</difficult>
		<bndbox>
			<xmin>5825</xmin>
			<ymin>1342</ymin>
			<xmax>6054</xmax>
			<ymax>1546</ymax>
		</bndbox>
	</object>
	<object>
		<name>norm_insulator</name>
		<pose>Unspecified</pose>
		<truncated>0</truncated>
		<difficult>0</difficult>
		<bndbox>
			<xmin>4638</xmin>
			<ymin>1063</ymin>
			<xmax>4900</xmax>
			<ymax>1121</ymax>
		</bndbox>
	</object>
</annotation>
